,mean_fit_time,mean_score_time,mean_test_score,model,param_clf__C,param_clf__activation,param_clf__alpha,param_clf__hidden_layer_sizes,param_clf__learning_rate,param_clf__learning_rate_init,param_clf__loss,param_clf__max_depth,param_clf__min_samples_leaf,param_clf__min_samples_split,param_clf__n_estimators,param_clf__penalty,param_clf__solver,params,rank_test_score,split0_test_score,split1_test_score,split2_test_score,split3_test_score,split4_test_score,std_fit_time,std_score_time,std_test_score
0,0.5606011390686035,0.012200307846069337,0.7235230158233281,LR,0.5,,,,,,,,,,,l1,liblinear,"{'clf__C': 0.5, 'clf__penalty': 'l1', 'clf__solver': 'liblinear'}",2,0.7175493552064914,0.7252765784475061,0.721819330923033,0.7265452594327505,0.7264256589776392,0.11392167765540671,0.00591077176003876,0.0034416676418347718
1,2.004402828216553,0.007798910140991211,0.7235257108722911,LR,0.5,,,,,,,,,,,l1,saga,"{'clf__C': 0.5, 'clf__penalty': 'l1', 'clf__solver': 'saga'}",1,0.7175561253742057,0.7252787667845452,0.7218185098672769,0.7265504594525378,0.7264257958202651,0.15359995028103987,0.00039506247766296014,0.0034405586925648907
2,0.19599766731262208,0.006201267242431641,0.7235083898538595,LR,0.5,,,,,,,,,,,l2,liblinear,"{'clf__C': 0.5, 'clf__penalty': 'l2', 'clf__solver': 'liblinear'}",8,0.7175736320705169,0.7252336323331173,0.7218061940309384,0.7265403330982149,0.726389258839127,0.005932561056461214,0.00039816042620019026,0.003423192349650385
3,0.34260287284851076,0.006398200988769531,0.7235083898574377,LR,0.5,,,,,,,,,,,l2,saga,"{'clf__C': 0.5, 'clf__penalty': 'l2', 'clf__solver': 'saga'}",7,0.7175734269139196,0.7252337691041821,0.7218061256096253,0.7265402646769019,0.7263894641030659,0.02360224191855467,0.0013559584022500403,0.003423306516342184
4,0.5887988567352295,0.00680088996887207,0.7235136027440967,LR,1.0,,,,,,,,,,,l1,liblinear,"{'clf__C': 1.0, 'clf__penalty': 'l1', 'clf__solver': 'liblinear'}",3,0.7175624168431927,0.7252499764753769,0.7218066045588163,0.7265457383819414,0.7264043799492985,0.5550054956758378,0.0011667524476918964,0.0034321940388545146
5,2.0820001125335694,0.006999349594116211,0.7235128503064723,LR,1.0,,,,,,,,,,,l1,saga,"{'clf__C': 1.0, 'clf__penalty': 'l1', 'clf__solver': 'saga'}",4,0.7175674773725949,0.7252426592234029,0.7218080414063891,0.7265460120671934,0.7264011641475878,0.08735891197118634,0.0012639280479805092,0.003429063311307365
6,0.17579917907714843,0.006400680541992188,0.7235068577131373,LR,1.0,,,,,,,,,,,l2,liblinear,"{'clf__C': 1.0, 'clf__penalty': 'l2', 'clf__solver': 'liblinear'}",11,0.7175776668169326,0.7252231693466502,0.7218046203407394,0.7265407436260929,0.7263891904178141,0.008840988206207653,0.0004890268703241607,0.0034209586902464706
7,0.3177900791168213,0.0074043750762939455,0.7235067482397549,LR,1.0,,,,,,,,,,,l2,saga,"{'clf__C': 1.0, 'clf__penalty': 'l2', 'clf__solver': 'saga'}",12,0.7175770513471402,0.7252239899730397,0.7218045519194265,0.7265401278342759,0.7263891219965011,0.01269730234255416,0.0017445857895284206,0.003421140528639139
8,0.4386007308959961,0.007000064849853516,0.7235106749403031,LR,1.5,,,,,,,,,,,l1,liblinear,"{'clf__C': 1.5, 'clf__penalty': 'l1', 'clf__solver': 'liblinear'}",5,0.7175662464330107,0.7252399921876369,0.7218064677161903,0.7265429331081087,0.726398837822946,0.15818654592261594,0.0006327905699168141,0.003428441080768728
9,2.0039941310882567,0.007805585861206055,0.723510004517367,LR,1.5,,,,,,,,,,,l1,saga,"{'clf__C': 1.5, 'clf__penalty': 'l1', 'clf__solver': 'saga'}",6,0.717570554721556,0.7252350000437667,0.7218083150916411,0.7265432067933606,0.7263940483310365,0.13219605706335558,0.0019382777678135228,0.00342550178439536
10,0.20759859085083007,0.006400251388549804,0.7235052981208772,LR,1.5,,,,,,,,,,,l2,liblinear,"{'clf__C': 1.5, 'clf__penalty': 'l2', 'clf__solver': 'liblinear'}",13,0.7175797183829065,0.7252163307934035,0.7218050308686175,0.7265402646769019,0.7263862483013553,0.006944749344871574,0.0010199314367134325,0.0034189404167459794
11,0.33199563026428225,0.006400299072265625,0.7235051202226058,LR,1.5,,,,,,,,,,,l2,saga,"{'clf__C': 1.5, 'clf__penalty': 'l2', 'clf__solver': 'saga'}",14,0.7175793080697117,0.7252171514197931,0.7218050992899304,0.7265391699358941,0.7263859746161034,0.04015587216148738,0.0013573389145380432,0.0034189176129160326
12,0.31279802322387695,0.007598781585693359,0.7235073639170545,LR,2.5,,,,,,,,,,,l1,liblinear,"{'clf__C': 2.5, 'clf__penalty': 'l1', 'clf__solver': 'liblinear'}",10,0.7175689134687768,0.7252330852488578,0.7218059203456864,0.726539238357207,0.726390764108013,0.07538618244766825,0.0014970487657858913,0.003424860419419743
13,1.863397216796875,0.007210350036621094,0.7235077198173636,LR,2.5,,,,,,,,,,,l1,saga,"{'clf__C': 2.5, 'clf__penalty': 'l1', 'clf__solver': 'saga'}",9,0.7175744526969066,0.7252247422138968,0.7218075624571982,0.7265408120474058,0.7263921325342727,0.11058612024259443,0.0017083401881499737,0.003422446397230794
14,0.18279452323913575,0.0072021007537841795,0.7235045867997307,LR,2.5,,,,,,,,,,,l2,liblinear,"{'clf__C': 2.5, 'clf__penalty': 'l2', 'clf__solver': 'liblinear'}",16,0.7175800603105688,0.7252124328180529,0.7218054413964954,0.7265408120474057,0.7263852904029735,0.005708378752570129,0.0009811853930275572,0.0034183269442716606
15,0.2973954677581787,0.005399894714355469,0.7235048193792318,LR,2.5,,,,,,,,,,,l2,saga,"{'clf__C': 2.5, 'clf__penalty': 'l2', 'clf__solver': 'saga'}",15,0.7175798551539714,0.7252131850589101,0.7218052361325564,0.7265408804687189,0.7263860430374164,0.032490963068862184,0.0004905051524740899,0.0034186326580857946
0,0.39459915161132814,0.007815933227539063,0.7176511662722791,SGD,,,0.0001,,,,hinge,,,,,l1,,"{'clf__alpha': 0.0001, 'clf__loss': 'hinge', 'clf__penalty': 'l1'}",17,0.7035083009094729,0.7223096037359291,0.7206614370432577,0.709741053383061,0.7320379171758638,0.05635877871935254,0.0013164291860698746,0.01000337487445219
1,0.3328000545501709,0.006600046157836914,0.7202867611414212,SGD,,,0.0001,,,,hinge,,,,,l2,,"{'clf__alpha': 0.0001, 'clf__loss': 'hinge', 'clf__penalty': 'l2'}",15,0.7046946531266959,0.7241090322517113,0.7187497455582423,0.7294382493887068,0.7244452040730661,0.019699145319972425,0.0008045116579491434,0.00849891777216944
2,0.40959901809692384,0.0065990924835205075,0.7189143025951608,SGD,,,0.0001,,,,hinge,,,,,elasticnet,,"{'clf__alpha': 0.0001, 'clf__loss': 'hinge', 'clf__penalty': 'elasticnet'}",16,0.7160321537831971,0.726150135239229,0.7213622765522418,0.7158196712506439,0.7152061373370385,0.0563315952114264,0.0004892202983030726,0.0042424124638558375
3,0.31640233993530276,0.005997467041015625,0.7170038266658575,SGD,,,0.0001,,,,log,,,,,l1,,"{'clf__alpha': 0.0001, 'clf__loss': 'log', 'clf__penalty': 'l1'}",18,0.7058240401953748,0.7193024867167942,0.7123639159953224,0.7246571048794043,0.7228739086201891,0.012531090410523686,4.54973619151175e-06,0.006997702799780874
4,0.28659749031066895,0.006398534774780274,0.7232022020140951,SGD,,,0.0001,,,,log,,,,,l2,,"{'clf__alpha': 0.0001, 'clf__loss': 'log', 'clf__penalty': 'l2'}",6,0.7214913024544388,0.7287744300476182,0.7186068818567136,0.7205097469923529,0.7266276386935935,0.028915906834309887,0.0004922501004685489,0.0038491021584608487
5,0.37360057830810545,0.006999826431274414,0.720836297535938,SGD,,,0.0001,,,,log,,,,,elasticnet,,"{'clf__alpha': 0.0001, 'clf__loss': 'log', 'clf__penalty': 'elasticnet'}",12,0.7141185898137288,0.7278969752805449,0.7182336435943385,0.7236812116921898,0.7202509775866148,0.040873885361375574,0.0015495758473056712,0.004694763566447945
6,0.7131979465484619,0.006202030181884766,0.474628318383116,SGD,,,0.0001,,,,squared_loss,,,,,l1,,"{'clf__alpha': 0.0001, 'clf__loss': 'squared_loss', 'clf__penalty': 'l1'}",36,0.5939231521682043,0.4191161908492498,0.43818548320054923,0.4464003513023894,0.47549973045423755,0.19149502887298392,0.0007448158160268956,0.06235544224203292
7,0.8505947113037109,0.006398534774780274,0.676204290835099,SGD,,,0.0001,,,,squared_loss,,,,,l2,,"{'clf__alpha': 0.0001, 'clf__loss': 'squared_loss', 'clf__penalty': 'l2'}",32,0.6867941245338842,0.6960074337809212,0.6639973687899875,0.6852731129076876,0.6489414641298873,0.25979939201249697,0.0004899996270801004,0.01719767679447647
8,2.938803291320801,0.006995677947998047,0.6443003171291946,SGD,,,0.0001,,,,squared_loss,,,,,elasticnet,,"{'clf__alpha': 0.0001, 'clf__loss': 'squared_loss', 'clf__penalty': 'elasticnet'}",33,0.6342242509322316,0.6754335779529419,0.6407482855842657,0.6298747021021559,0.6412152610454407,1.580460329519232,0.001089804476581053,0.01613185581932295
9,0.4068008899688721,0.006395959854125976,0.696721606886806,SGD,,,0.0001,,,,epsilon_insensitive,,,,,l1,,"{'clf__alpha': 0.0001, 'clf__loss': 'epsilon_insensitive', 'clf__penalty': 'l1'}",29,0.6935130714842178,0.6841899350720401,0.6960282590970069,0.6971922424736385,0.7126886435467857,0.02338555728604482,0.0004888261561561542,0.00919766819308736
10,0.3948023796081543,0.0059986114501953125,0.6931885735871245,SGD,,,0.0001,,,,epsilon_insensitive,,,,,l2,,"{'clf__alpha': 0.0001, 'clf__loss': 'epsilon_insensitive', 'clf__penalty': 'l2'}",30,0.6918143748577581,0.7003326135528088,0.6729957977682199,0.6930109476153428,0.70778762489712,0.041055159091256406,0.0006288114179168386,0.011608454858314937
11,0.46539721488952634,0.0058023929595947266,0.7006746187781193,SGD,,,0.0001,,,,epsilon_insensitive,,,,,elasticnet,,"{'clf__alpha': 0.0001, 'clf__loss': 'epsilon_insensitive', 'clf__penalty': 'elasticnet'}",28,0.6916074402365154,0.6926145539731448,0.7000166058526633,0.7112450906852661,0.7078938831961976,0.06919446821130036,0.0004015233332425676,0.007892653755633448
12,0.2121954917907715,0.007003211975097656,0.7233333341368896,SGD,,,0.0005,,,,hinge,,,,,l1,,"{'clf__alpha': 0.0005, 'clf__loss': 'hinge', 'clf__penalty': 'l1'}",5,0.7169554952425553,0.7244979407748464,0.7210594438209363,0.7242272137698712,0.7299279407257955,0.012639692432883688,0.001096369546690039,0.004277686138959994
13,0.18919715881347657,0.006602001190185547,0.7218380302074793,SGD,,,0.0005,,,,hinge,,,,,l2,,"{'clf__alpha': 0.0005, 'clf__loss': 'hinge', 'clf__penalty': 'l2'}",9,0.7190794131098895,0.730540212881427,0.7098665380710896,0.725865835794733,0.7238365964939961,0.015971414819686176,0.0004911146433938048,0.007026635467013721
14,0.22379655838012696,0.006601810455322266,0.7238857381328907,SGD,,,0.0005,,,,hinge,,,,,elasticnet,,"{'clf__alpha': 0.0005, 'clf__loss': 'hinge', 'clf__penalty': 'elasticnet'}",2,0.7197088335507082,0.7259144786943506,0.7279841596449864,0.7200829348419048,0.7257388458378187,0.028127257202432265,0.0012035379885867348,0.003354234766435186
15,0.19660239219665526,0.008003139495849609,0.7239853593471939,SGD,,,0.0005,,,,log,,,,,l1,,"{'clf__alpha': 0.0005, 'clf__loss': 'log', 'clf__penalty': 'l1'}",1,0.7202757496148526,0.7288136149577213,0.7211917706402641,0.7226743236501896,0.7269710452635039,0.014607977864149652,0.001901360395581456,0.0033320989906892554
16,0.17880492210388182,0.00999622344970703,0.7203015966650201,SGD,,,0.0005,,,,log,,,,,l2,,"{'clf__alpha': 0.0005, 'clf__loss': 'log', 'clf__penalty': 'l2'}",14,0.7075139150881462,0.7269791730493164,0.7184503338925864,0.7259117464957511,0.7226544130481086,0.015365212425318412,0.0044258895216217385,0.007050956744559183
17,0.22359781265258788,0.006596517562866211,0.721200388167957,SGD,,,0.0005,,,,log,,,,,elasticnet,,"{'clf__alpha': 0.0005, 'clf__loss': 'log', 'clf__penalty': 'elasticnet'}",10,0.7134434194516903,0.7277076841266784,0.7135780521943776,0.7278160484789635,0.7234570634708257,0.030766634491048165,0.0004882986514522287,0.006472710597890383
18,0.5586028099060059,0.007000112533569336,0.5201781151601172,SGD,,,0.0005,,,,squared_loss,,,,,l1,,"{'clf__alpha': 0.0005, 'clf__loss': 'squared_loss', 'clf__penalty': 'l1'}",35,0.5226958930931707,0.5232663993977696,0.5077712585190521,0.47001172536040753,0.5771438330262699,0.041113569029216895,0.0008935204230274954,0.03444110936919805
19,0.31000123023986814,0.006799554824829102,0.7025035261744587,SGD,,,0.0005,,,,squared_loss,,,,,l2,,"{'clf__alpha': 0.0005, 'clf__loss': 'squared_loss', 'clf__penalty': 'l2'}",26,0.6949450645340592,0.708262189584391,0.7080761575740102,0.6838365390200931,0.7173981509413849,0.06595512480860834,0.0011670142029786518,0.011760988729687376
20,0.6776005268096924,0.006197834014892578,0.6852551474737243,SGD,,,0.0005,,,,squared_loss,,,,,elasticnet,,"{'clf__alpha': 0.0005, 'clf__loss': 'squared_loss', 'clf__penalty': 'elasticnet'}",31,0.6707321409814254,0.6669751765987991,0.7128716021377282,0.6877970383013615,0.6879083597776006,0.22920389916311276,0.0004010810420116775,0.01625576021742152
21,0.2521989822387695,0.007801151275634766,0.709031043298974,SGD,,,0.0005,,,,epsilon_insensitive,,,,,l1,,"{'clf__alpha': 0.0005, 'clf__loss': 'epsilon_insensitive', 'clf__penalty': 'l1'}",24,0.7052187598475167,0.7165656293219655,0.7132215087323728,0.7084250378489598,0.7017233070839528,0.02056725431131098,0.0014714774612813778,0.005341113562584769
22,0.25139679908752444,0.0073964595794677734,0.7107209265346004,SGD,,,0.0005,,,,epsilon_insensitive,,,,,l2,,"{'clf__alpha': 0.0005, 'clf__loss': 'epsilon_insensitive', 'clf__penalty': 'l2'}",21,0.7085157631387756,0.7049218298655486,0.7047766765975642,0.7127938755261685,0.7225985812567066,0.018786615992957896,0.001853656390999117,0.006621016676700784
23,0.28859715461730956,0.006798934936523437,0.701082004316875,SGD,,,0.0005,,,,epsilon_insensitive,,,,,elasticnet,,"{'clf__alpha': 0.0005, 'clf__loss': 'epsilon_insensitive', 'clf__penalty': 'elasticnet'}",27,0.7017199508499501,0.7001580936739553,0.7041667005922344,0.7148757992379096,0.6844895520312954,0.029790853584097835,0.000979415262999058,0.009760170930662988
24,0.18440041542053223,0.009001207351684571,0.7234456282647135,SGD,,,0.001,,,,hinge,,,,,l1,,"{'clf__alpha': 0.001, 'clf__loss': 'hinge', 'clf__penalty': 'l1'}",3,0.7156577429929448,0.7271197737040668,0.7221049899047773,0.7279389331570982,0.7244077776148591,0.0256804053746492,0.0031612527820432546,0.004406190471568854
25,0.15719542503356934,0.00899953842163086,0.7223669697048678,SGD,,,0.001,,,,hinge,,,,,l2,,"{'clf__alpha': 0.001, 'clf__loss': 'hinge', 'clf__penalty': 'l2'}",8,0.7108012076337948,0.7262221452049158,0.7164609842173242,0.7287896837628494,0.7295628445996666,0.016407777372070994,0.0019983775932736424,0.007437092287253385
26,0.19659848213195802,0.007801246643066406,0.7211176652320057,SGD,,,0.001,,,,hinge,,,,,elasticnet,,"{'clf__alpha': 0.001, 'clf__loss': 'hinge', 'clf__penalty': 'elasticnet'}",11,0.7180205315251833,0.7293405938709057,0.7143194655419662,0.7210104541608335,0.7228959402829728,0.03509805571367359,0.0017200535470914375,0.005031997956938483
27,0.17239561080932617,0.00840291976928711,0.7228084833084137,SGD,,,0.001,,,,log,,,,,l1,,"{'clf__alpha': 0.001, 'clf__loss': 'log', 'clf__penalty': 'l1'}",7,0.7168042948302725,0.7239563273577144,0.7213364817172436,0.7246456785201345,0.7273009044134415,0.014920121999426657,0.002875272331994542,0.0035523209433076914
28,0.15739946365356444,0.008397960662841797,0.7234391364734715,SGD,,,0.001,,,,log,,,,,l2,,"{'clf__alpha': 0.001, 'clf__loss': 'log', 'clf__penalty': 'l2'}",4,0.7172527671521857,0.7259034002380911,0.7261430789549793,0.7280423861823432,0.719855023448326,0.014489757218617496,0.002499738486841189,0.004139890660187099
29,0.17779827117919922,0.00800151824951172,0.7203533375138591,SGD,,,0.001,,,,log,,,,,elasticnet,,"{'clf__alpha': 0.001, 'clf__loss': 'log', 'clf__penalty': 'elasticnet'}",13,0.7180624518565851,0.7236368985355648,0.7180725798235537,0.7223845593896655,0.7196099383051863,0.017035032314365185,0.0014131022995959716,0.002276478521334031
30,0.5198009967803955,0.007401227951049805,0.5598456012105736,SGD,,,0.001,,,,squared_loss,,,,,l1,,"{'clf__alpha': 0.001, 'clf__loss': 'squared_loss', 'clf__penalty': 'l1'}",34,0.5600202722072443,0.5341654120200976,0.5854197329392995,0.5788832396451699,0.5407460208388056,0.10295919616989645,0.0004977997688816199,0.02020259130206062
31,0.24040074348449708,0.0076048851013183595,0.709583466681371,SGD,,,0.001,,,,squared_loss,,,,,l2,,"{'clf__alpha': 0.001, 'clf__loss': 'squared_loss', 'clf__penalty': 'l2'}",23,0.6966687902654015,0.7082559665009366,0.7015192063072956,0.7223414539624802,0.719135641763521,0.04244908887260864,0.0010229960240402613,0.009875087643844021
32,0.3713968753814697,0.006001091003417969,0.7068919640189518,SGD,,,0.001,,,,squared_loss,,,,,elasticnet,,"{'clf__alpha': 0.001, 'clf__loss': 'squared_loss', 'clf__penalty': 'elasticnet'}",25,0.7076069194123003,0.7144631845118258,0.6961241857778228,0.7134774728642784,0.702785890074729,0.08516431045023623,0.0006312063795844593,0.006841037990968235
33,0.20499744415283203,0.007001304626464843,0.7108283576898361,SGD,,,0.001,,,,epsilon_insensitive,,,,,l1,,"{'clf__alpha': 0.001, 'clf__loss': 'epsilon_insensitive', 'clf__penalty': 'l1'}",19,0.7048619241391082,0.7139287515756026,0.7079152990671643,0.7145657822687399,0.7128707810819721,0.029226017334380013,0.0008942676909822184,0.0037905362996165687
34,0.18679957389831542,0.0071982860565185545,0.7108021538018731,SGD,,,0.001,,,,epsilon_insensitive,,,,,l2,,"{'clf__alpha': 0.001, 'clf__loss': 'epsilon_insensitive', 'clf__penalty': 'l2'}",20,0.699065908334938,0.7142573440591026,0.7093791730586427,0.7158982189179594,0.7154122907530854,0.025577742546590808,0.0007483420651889845,0.0063078403650728
35,0.20579910278320312,0.007006406784057617,0.7104666946475103,SGD,,,0.001,,,,epsilon_insensitive,,,,,elasticnet,,"{'clf__alpha': 0.001, 'clf__loss': 'epsilon_insensitive', 'clf__penalty': 'elasticnet'}",22,0.7064862856917772,0.7052141780168415,0.7097492639406202,0.7172362661148443,0.7136498945730199,0.03824492424007229,0.002283332035935025,0.004470079649043235
0,5.5518035888671875,0.02659769058227539,0.7804699519972065,GB,,,,,,,exponential,3,1,2,100,,,"{'clf__loss': 'exponential', 'clf__max_depth': 3, 'clf__min_samples_leaf': 1, 'clf__min_samples_split': 2, 'clf__n_estimators': 100}",29,0.776095201140999,0.7782749557955917,0.7840025017568882,0.7830435428446393,0.780935276927396,0.16094049253401418,0.002247948602844769,0.0029420060047276567
1,30.25159797668457,0.08059840202331543,0.8017149975719968,GB,,,,,,,exponential,3,1,2,500,,,"{'clf__loss': 'exponential', 'clf__max_depth': 3, 'clf__min_samples_leaf': 1, 'clf__min_samples_split': 2, 'clf__n_estimators': 500}",15,0.7972144999759283,0.8019796380709372,0.8043651976633576,0.8036750318792002,0.8013417282635239,0.6746757392341359,0.0038792868408966726,0.002503244949790871
2,5.953193807601929,0.023999691009521484,0.7806335657205097,GB,,,,,,,exponential,3,1,10,100,,,"{'clf__loss': 'exponential', 'clf__max_depth': 3, 'clf__min_samples_leaf': 1, 'clf__min_samples_split': 10, 'clf__n_estimators': 100}",28,0.7761786998761402,0.7789516648321109,0.7837959720236198,0.7829029028357829,0.7813401942576865,0.023119648643904464,0.0006309801275687775,0.00276863033828797
3,28.633398914337157,0.0768002986907959,0.801892235822163,GB,,,,,,,exponential,3,1,10,500,,,"{'clf__loss': 'exponential', 'clf__max_depth': 3, 'clf__min_samples_leaf': 1, 'clf__min_samples_split': 10, 'clf__n_estimators': 500}",13,0.7967996391432223,0.8008694331441153,0.8058241795309569,0.8035032943835887,0.8024662325425584,0.14360906298169884,0.000980925307051193,0.003012246341238273
4,5.928804779052735,0.02379574775695801,0.7804316076578656,GB,,,,,,,exponential,3,1,25,100,,,"{'clf__loss': 'exponential', 'clf__max_depth': 3, 'clf__min_samples_leaf': 1, 'clf__min_samples_split': 25, 'clf__n_estimators': 100}",31,0.7761832817068153,0.7784140861613943,0.7822361029300127,0.7831020088565916,0.782224197621552,0.04835401312367921,0.0007434022601315627,0.0026728763183619633
5,28.53919816017151,0.07520370483398438,0.8012339220235376,GB,,,,,,,exponential,3,1,25,500,,,"{'clf__loss': 'exponential', 'clf__max_depth': 3, 'clf__min_samples_leaf': 1, 'clf__min_samples_split': 25, 'clf__n_estimators': 500}",19,0.7971826323177991,0.8011133301456556,0.8037118767562468,0.8034211203866843,0.8007417417698911,0.1285536618395698,0.0015992484864945527,0.00234926533833033
6,5.898404884338379,0.023798227310180664,0.7804392665956624,GB,,,,,,,exponential,3,3,2,100,,,"{'clf__loss': 'exponential', 'clf__max_depth': 3, 'clf__min_samples_leaf': 3, 'clf__min_samples_split': 2, 'clf__n_estimators': 100}",30,0.7757473923228759,0.7782620993154882,0.7835992949594224,0.7827969866432702,0.7817923565045986,0.04197628948482164,0.0003990341323394559,0.0029709122356542305
7,28.810002517700195,0.07739796638488769,0.8017615117654706,GB,,,,,,,exponential,3,3,2,500,,,"{'clf__loss': 'exponential', 'clf__max_depth': 3, 'clf__min_samples_leaf': 3, 'clf__min_samples_split': 2, 'clf__n_estimators': 500}",14,0.7963858382862695,0.8013812988546245,0.8055534706061013,0.8036876556114474,0.8018008010630483,0.08193697992270363,0.0013574725692912027,0.0030703621218298996
8,5.856398677825927,0.024200439453125,0.7801821017826627,GB,,,,,,,exponential,3,3,10,100,,,"{'clf__loss': 'exponential', 'clf__max_depth': 3, 'clf__min_samples_leaf': 3, 'clf__min_samples_split': 10, 'clf__n_estimators': 100}",35,0.7749989468628,0.7784111797762644,0.782938139811974,0.7827868602889474,0.7817772011837709,0.022212986619472467,0.00116528156036526,0.0030636269896890944
9,28.48620319366455,0.07600126266479493,0.8018964661731405,GB,,,,,,,exponential,3,3,10,500,,,"{'clf__loss': 'exponential', 'clf__max_depth': 3, 'clf__min_samples_leaf': 3, 'clf__min_samples_split': 10, 'clf__n_estimators': 500}",12,0.7971308986624884,0.8016699199943979,0.8055221678554072,0.8029201053222955,0.8022405448416522,0.08842970158851805,0.0014145833534734353,0.002723085437283007
10,5.871000099182129,0.024002456665039064,0.7803301107220881,GB,,,,,,,exponential,3,3,25,100,,,"{'clf__loss': 'exponential', 'clf__max_depth': 3, 'clf__min_samples_leaf': 3, 'clf__min_samples_split': 25, 'clf__n_estimators': 100}",32,0.7755634694333082,0.7785975987377671,0.7830999220065453,0.782635341291325,0.78175592215543,0.03551134358618255,4.059001912122806e-06,0.0028546037570958724
11,28.430399799346922,0.0764000415802002,0.8013743498677364,GB,,,,,,,exponential,3,3,25,500,,,"{'clf__loss': 'exponential', 'clf__max_depth': 3, 'clf__min_samples_leaf': 3, 'clf__min_samples_split': 25, 'clf__n_estimators': 500}",17,0.7949696764871939,0.8004315605797343,0.8053655172593105,0.8044899981382561,0.8016169187843804,0.08109697489588041,0.0011990877449737853,0.003677175605034264
12,5.857197237014771,0.023803091049194335,0.7802977956055647,GB,,,,,,,exponential,3,5,2,100,,,"{'clf__loss': 'exponential', 'clf__max_depth': 3, 'clf__min_samples_leaf': 5, 'clf__min_samples_split': 2, 'clf__n_estimators': 100}",33,0.7760410056065195,0.7772642518185081,0.7828309920358275,0.7833798678086549,0.7819747677250373,0.027618987546951083,0.0013279773824412034,0.0030349123894344732
13,28.78619556427002,0.07820172309875488,0.8019753133488217,GB,,,,,,,exponential,3,5,2,500,,,"{'clf__loss': 'exponential', 'clf__max_depth': 3, 'clf__min_samples_leaf': 5, 'clf__min_samples_split': 2, 'clf__n_estimators': 500}",11,0.7965679831519932,0.8007971838290646,0.805690826391934,0.8048728495951065,0.8019494463655248,0.11235079152138745,0.00171906600346576,0.003250572724469628
14,5.889600658416748,0.023798036575317382,0.7802933760511628,GB,,,,,,,exponential,3,5,10,100,,,"{'clf__loss': 'exponential', 'clf__max_depth': 3, 'clf__min_samples_leaf': 5, 'clf__min_samples_split': 10, 'clf__n_estimators': 100}",34,0.7760410056065195,0.7772642518185081,0.7828100551140519,0.7833798678086549,0.7819736045627164,0.03655450499880448,0.0003992594400187991,0.0030312981941746342
15,28.64060583114624,0.07719683647155762,0.8019757648428838,GB,,,,,,,exponential,3,5,10,500,,,"{'clf__loss': 'exponential', 'clf__max_depth': 3, 'clf__min_samples_leaf': 5, 'clf__min_samples_split': 10, 'clf__n_estimators': 500}",10,0.79656928247711,0.800796636744805,0.805690826391934,0.8048728495951065,0.8019509516344105,0.11907642642083593,0.0007472538672648538,0.0032501777140240442
16,5.8921996593475345,0.024199962615966797,0.7801570493975993,GB,,,,,,,exponential,3,5,25,100,,,"{'clf__loss': 'exponential', 'clf__max_depth': 3, 'clf__min_samples_leaf': 5, 'clf__min_samples_split': 25, 'clf__n_estimators': 100}",36,0.7753847438442079,0.7778778410085608,0.7826508045080613,0.783313841241617,0.7815598608830496,0.013073800982113767,0.0007481399501251706,0.003037242523390835
17,28.49520320892334,0.07679696083068847,0.8016919844243208,GB,,,,,,,exponential,3,5,25,500,,,"{'clf__loss': 'exponential', 'clf__max_depth': 3, 'clf__min_samples_leaf': 5, 'clf__min_samples_split': 25, 'clf__n_estimators': 500}",16,0.7973282593091858,0.8006628404505348,0.8050799609095355,0.8042888052674011,0.8011014668229501,0.1322893058390683,0.001721647177446746,0.0027811156039603854
18,12.063796854019165,0.03400087356567383,0.8009630214963608,GB,,,,,,,exponential,5,1,2,100,,,"{'clf__loss': 'exponential', 'clf__max_depth': 5, 'clf__min_samples_leaf': 1, 'clf__min_samples_split': 2, 'clf__n_estimators': 100}",20,0.7966467290926279,0.8002300284155565,0.8062858181297184,0.8009939427295822,0.8006599098795518,0.06333279834873569,0.0008932962887364167,0.0030852127934141026
19,56.841799354553224,0.11980161666870118,0.8202083787368715,GB,,,,,,,exponential,5,1,2,500,,,"{'clf__loss': 'exponential', 'clf__max_depth': 5, 'clf__min_samples_leaf': 1, 'clf__min_samples_split': 2, 'clf__n_estimators': 500}",5,0.8140610023568391,0.8196125740752088,0.824764464761621,0.8231564612743237,0.8194491550617847,0.07193730437876686,0.00470785153243117,0.0036925220509300815
20,11.678603506088256,0.03559818267822266,0.8003958279219467,GB,,,,,,,exponential,5,1,10,100,,,"{'clf__loss': 'exponential', 'clf__max_depth': 5, 'clf__min_samples_leaf': 1, 'clf__min_samples_split': 10, 'clf__n_estimators': 100}",26,0.7951701828683846,0.7985528732318237,0.8066989460175684,0.8005528647353748,0.8010061217232949,0.12527819221436085,0.0024981923562995634,0.003763798223883877
21,55.17939276695252,0.11860122680664062,0.8206539283247057,GB,,,,,,,exponential,5,1,10,500,,,"{'clf__loss': 'exponential', 'clf__max_depth': 5, 'clf__min_samples_leaf': 1, 'clf__min_samples_split': 10, 'clf__n_estimators': 500}",1,0.813102032035066,0.8189565516622609,0.8272081661658114,0.8236703053348987,0.820335005801101,0.40640685514482633,0.0053493736890264385,0.004734436520037714
22,11.475600099563598,0.032798385620117186,0.80019345615762,GB,,,,,,,exponential,5,1,25,100,,,"{'clf__loss': 'exponential', 'clf__max_depth': 5, 'clf__min_samples_leaf': 1, 'clf__min_samples_split': 25, 'clf__n_estimators': 100}",27,0.7950290009366082,0.7983532900553212,0.806547427019946,0.8007123890266171,0.8003270059811859,0.11255959067243533,0.0003983750185769288,0.0037608069538728056
23,54.61434035301208,0.1147986888885498,0.8201283518052483,GB,,,,,,,exponential,5,1,25,500,,,"{'clf__loss': 'exponential', 'clf__max_depth': 5, 'clf__min_samples_leaf': 1, 'clf__min_samples_split': 25, 'clf__n_estimators': 500}",6,0.8152547402115684,0.8176896412877925,0.8276817442836901,0.822757120281042,0.817260425680462,0.9636300463717455,0.0014694420981036886,0.004514103879402841
24,11.793200778961182,0.03420038223266601,0.8006908215922373,GB,,,,,,,exponential,5,3,2,100,,,"{'clf__loss': 'exponential', 'clf__max_depth': 5, 'clf__min_samples_leaf': 3, 'clf__min_samples_split': 2, 'clf__n_estimators': 100}",23,0.7946506579782391,0.8001437258735843,0.8050743161512137,0.8026767649226372,0.8009103660957615,0.0784780496104359,0.000749234296246791,0.00346391194536601
25,57.39639549255371,0.12139878273010254,0.8193451816963788,GB,,,,,,,exponential,5,3,2,500,,,"{'clf__loss': 'exponential', 'clf__max_depth': 5, 'clf__min_samples_leaf': 3, 'clf__min_samples_split': 2, 'clf__n_estimators': 500}",9,0.811516684428669,0.8186641351254353,0.8250313763036057,0.8223497739941401,0.819166164511247,0.8990117670116474,0.005237817135054222,0.004541959594970822
26,11.732598781585693,0.03380579948425293,0.8008619081772129,GB,,,,,,,exponential,5,3,10,100,,,"{'clf__loss': 'exponential', 'clf__max_depth': 5, 'clf__min_samples_leaf': 3, 'clf__min_samples_split': 10, 'clf__n_estimators': 100}",21,0.7953517122643162,0.7992486960246671,0.8065196821775273,0.8030837348923175,0.8001075788304185,0.1468276368923481,0.0007456657357684976,0.0037545144566029963
27,55.21784071922302,0.11779990196228027,0.8204695706424665,GB,,,,,,,exponential,5,3,10,500,,,"{'clf__loss': 'exponential', 'clf__max_depth': 5, 'clf__min_samples_leaf': 3, 'clf__min_samples_split': 10, 'clf__n_estimators': 500}",2,0.8131836501680644,0.818652783127046,0.8250097551686999,0.8256386496670721,0.8198653961193757,0.41286073252095584,0.004263232187478129,0.004562606552561459
28,11.508210229873658,0.03659811019897461,0.8005183492091397,GB,,,,,,,exponential,5,3,25,100,,,"{'clf__loss': 'exponential', 'clf__max_depth': 5, 'clf__min_samples_leaf': 3, 'clf__min_samples_split': 25, 'clf__n_estimators': 100}",25,0.7962344327173894,0.7988271676025456,0.8046470592622308,0.8031148323790727,0.79976981701883,0.08832390685983106,0.004128099939130202,0.0030186450340995465
29,52.90951261520386,0.12180075645446778,0.8202207314224115,GB,,,,,,,exponential,5,3,25,500,,,"{'clf__loss': 'exponential', 'clf__max_depth': 5, 'clf__min_samples_leaf': 3, 'clf__min_samples_split': 25, 'clf__n_estimators': 500}",4,0.8143045574307173,0.819555403770067,0.8251784821265399,0.8241570203448723,0.817909914994045,0.3802456380617199,0.01566304980967083,0.004021395819744357
30,11.634198474884034,0.03379921913146973,0.800643226007849,GB,,,,,,,exponential,5,5,2,100,,,"{'clf__loss': 'exponential', 'clf__max_depth': 5, 'clf__min_samples_leaf': 5, 'clf__min_samples_split': 2, 'clf__n_estimators': 100}",24,0.7961087059159503,0.7986829425145743,0.8038984616767779,0.8030312899559087,0.8014964288522004,0.2203569167384164,0.0022257252922554933,0.00287868011419275
31,54.390999221801756,0.1169952392578125,0.8196660839609633,GB,,,,,,,exponential,5,5,2,500,,,"{'clf__loss': 'exponential', 'clf__max_depth': 5, 'clf__min_samples_leaf': 5, 'clf__min_samples_split': 2, 'clf__n_estimators': 500}",8,0.8132403417744788,0.8184011243675706,0.8253474827696319,0.8228953997546001,0.8184480828313889,0.20410822668058062,0.003096014246551836,0.004173312656669644
32,11.580799245834351,0.034398794174194336,0.8007501651733531,GB,,,,,,,exponential,5,5,10,100,,,"{'clf__loss': 'exponential', 'clf__max_depth': 5, 'clf__min_samples_leaf': 5, 'clf__min_samples_split': 10, 'clf__n_estimators': 100}",22,0.7969518653384919,0.7983436818880096,0.8039222722936993,0.8030434689496213,0.8014911604110999,0.14796627542835042,0.0018543637841821976,0.0026866460737157817
33,54.19239931106567,0.1164013385772705,0.8199180600219003,GB,,,,,,,exponential,5,5,10,500,,,"{'clf__loss': 'exponential', 'clf__max_depth': 5, 'clf__min_samples_leaf': 5, 'clf__min_samples_split': 10, 'clf__n_estimators': 500}",7,0.814025510265489,0.8189256414015861,0.8253524775254802,0.8229239998634311,0.8183644719869119,0.12173133183119676,0.0004885093847060846,0.003916390098036992
34,11.269199800491332,0.033201074600219725,0.8013357834561203,GB,,,,,,,exponential,5,5,25,100,,,"{'clf__loss': 'exponential', 'clf__max_depth': 5, 'clf__min_samples_leaf': 5, 'clf__min_samples_split': 25, 'clf__n_estimators': 100}",18,0.7964169878963079,0.7999253708684196,0.8052854301124525,0.8026760464988506,0.8023767374651642,0.06462340697093154,0.0007476047342291548,0.0029888321490895205
35,46.11459913253784,0.09759860038757324,0.8203989871810594,GB,,,,,,,exponential,5,5,25,500,,,"{'clf__loss': 'exponential', 'clf__max_depth': 5, 'clf__min_samples_leaf': 5, 'clf__min_samples_split': 25, 'clf__n_estimators': 500}",3,0.8143333819326518,0.8175140956259519,0.8262575546537474,0.8235976419005006,0.820294603015779,9.127057084170822,0.016896346521431342,0.004235131274349827
0,0.13300108909606934,0.008798360824584961,0.7211869371185659,LDA,,,,,,,,,,,,,svd,{'clf__solver': 'svd'},1,0.7153866627422489,0.722642162580312,0.7190202150085023,0.7244558777978929,0.7244309040186505,0.015623126079706125,0.0015992084607958075,0.0035119152879704565
0,12.460398292541504,0.010202455520629882,0.7738176912812075,NN,,relu,,10,constant,0.0005,,,,,,,adam,"{'clf__activation': 'relu', 'clf__hidden_layer_sizes': 10, 'clf__learning_rate': 'constant', 'clf__learning_rate_init': 0.0005, 'clf__solver': 'adam'}",45,0.7639159087726055,0.7741775682323488,0.7784461095607222,0.7748314800166318,0.7777198857446179,1.778614989499034,0.0009781601738318613,0.0052127424248684835
1,12.44679536819458,0.011200332641601562,0.7748797414587371,NN,,relu,,10,constant,0.001,,,,,,,adam,"{'clf__activation': 'relu', 'clf__hidden_layer_sizes': 10, 'clf__learning_rate': 'constant', 'clf__learning_rate_init': 0.001, 'clf__solver': 'adam'}",42,0.7690375748411269,0.779337222464155,0.7755999882041656,0.7722942808882373,0.7781300030946959,2.6449971281740807,0.0027859433209565646,0.003788778839067824
2,7.28679666519165,0.010600662231445313,0.7744731253233859,NN,,relu,,10,constant,0.005,,,,,,,adam,"{'clf__activation': 'relu', 'clf__hidden_layer_sizes': 10, 'clf__learning_rate': 'constant', 'clf__learning_rate_init': 0.005, 'clf__solver': 'adam'}",43,0.7491966067645874,0.7835537034321878,0.7814144998035966,0.7777734254220346,0.7804316276424568,1.6269942869514182,0.0008003004311012709,0.012775296525751411
3,5.372791147232055,0.009802150726318359,0.7767983131852816,NN,,relu,,10,constant,0.01,,,,,,,adam,"{'clf__activation': 'relu', 'clf__hidden_layer_sizes': 10, 'clf__learning_rate': 'constant', 'clf__learning_rate_init': 0.01, 'clf__solver': 'adam'}",36,0.7770135846492534,0.7755572463498539,0.775727183425019,0.7758177048221083,0.779876115002269,0.5262295926002006,0.0007459297558785562,0.0016228001571954235
4,13.098602771759033,0.010998821258544922,0.7692482948734716,NN,,relu,,10,invscaling,0.0005,,,,,,,adam,"{'clf__activation': 'relu', 'clf__hidden_layer_sizes': 10, 'clf__learning_rate': 'invscaling', 'clf__learning_rate_init': 0.0005, 'clf__solver': 'adam'}",48,0.7718376204679539,0.7623585650417535,0.7705988691735917,0.7630547352030186,0.7783928093579009,2.982052498216266,0.0006331161908464018,0.005966153039685818
5,12.849596834182739,0.009400224685668946,0.7775161053663125,NN,,relu,,10,invscaling,0.001,,,,,,,adam,"{'clf__activation': 'relu', 'clf__hidden_layer_sizes': 10, 'clf__learning_rate': 'invscaling', 'clf__learning_rate_init': 0.001, 'clf__solver': 'adam'}",34,0.7773934662821029,0.776659415976611,0.7789468167292026,0.7740281453807849,0.7805529386303929,1.417399127573382,0.0004901936452880415,0.0021991716152015305
6,5.6319990158081055,0.010001897811889648,0.7764129553888478,NN,,relu,,10,invscaling,0.005,,,,,,,adam,"{'clf__activation': 'relu', 'clf__hidden_layer_sizes': 10, 'clf__learning_rate': 'invscaling', 'clf__learning_rate_init': 0.005, 'clf__solver': 'adam'}",39,0.7760763609268045,0.7773054882945851,0.7736024279713443,0.7770670095760417,0.7780133447560434,0.7858520279744811,0.0006317336559075653,0.0015360346272431506
7,4.964598226547241,0.009599971771240234,0.7770020273573407,NN,,relu,,10,invscaling,0.01,,,,,,,adam,"{'clf__activation': 'relu', 'clf__hidden_layer_sizes': 10, 'clf__learning_rate': 'invscaling', 'clf__learning_rate_init': 0.01, 'clf__solver': 'adam'}",35,0.7655653336229232,0.780780123006425,0.7765423549480137,0.7795285347322665,0.7825957937724153,1.2255366037828497,0.0007996803870235159,0.006049388955950339
8,22.746396923065184,0.01639876365661621,0.790663533317879,NN,,relu,,50,constant,0.0005,,,,,,,adam,"{'clf__activation': 'relu', 'clf__hidden_layer_sizes': 50, 'clf__learning_rate': 'constant', 'clf__learning_rate_init': 0.0005, 'clf__solver': 'adam'}",28,0.7856603197598081,0.7907643423609532,0.7955910537491151,0.7900889538648086,0.7912142791995993,0.1180818537339877,0.0004914417696237308,0.003160935049213589
9,22.817997550964357,0.01720399856567383,0.7941850133274457,NN,,relu,,50,constant,0.001,,,,,,,adam,"{'clf__activation': 'relu', 'clf__hidden_layer_sizes': 50, 'clf__learning_rate': 'constant', 'clf__learning_rate_init': 0.001, 'clf__solver': 'adam'}",20,0.7917460850650374,0.7938653527161639,0.7931702392741211,0.7988780820465964,0.7932660291123108,0.062951154324195,0.0011665625086217219,0.0024473739208005774
10,14.96259651184082,0.01500091552734375,0.7951318438329571,NN,,relu,,50,constant,0.005,,,,,,,adam,"{'clf__activation': 'relu', 'clf__hidden_layer_sizes': 50, 'clf__learning_rate': 'constant', 'clf__learning_rate_init': 0.005, 'clf__solver': 'adam'}",19,0.7900007495054359,0.7949736086553107,0.797515882126225,0.8002202345222609,0.7929501279102236,2.6200761682618814,0.0006317313272198695,0.0035408683774933317
11,11.958997964859009,0.014200305938720703,0.795689059533868,NN,,relu,,50,constant,0.01,,,,,,,adam,"{'clf__activation': 'relu', 'clf__hidden_layer_sizes': 50, 'clf__learning_rate': 'constant', 'clf__learning_rate_init': 0.01, 'clf__solver': 'adam'}",15,0.7929530213275326,0.7968031268053779,0.8014941709488715,0.7969494904972718,0.7902459123568139,1.7923166334687624,0.00040180701173345856,0.0038376421144265187
12,22.68520359992981,0.015799331665039062,0.7907080488089943,NN,,relu,,50,invscaling,0.0005,,,,,,,adam,"{'clf__activation': 'relu', 'clf__hidden_layer_sizes': 50, 'clf__learning_rate': 'invscaling', 'clf__learning_rate_init': 0.0005, 'clf__solver': 'adam'}",27,0.7862569151450429,0.7913750935514083,0.7941761694177394,0.7915658963270686,0.7901671594255593,0.08334525946457527,0.00039546015879707996,0.002581304975137536
13,22.267594957351683,0.01520242691040039,0.7929344154585084,NN,,relu,,50,invscaling,0.001,,,,,,,adam,"{'clf__activation': 'relu', 'clf__hidden_layer_sizes': 50, 'clf__learning_rate': 'invscaling', 'clf__learning_rate_init': 0.001, 'clf__solver': 'adam'}",24,0.7928661033157685,0.791714627720103,0.791562543682732,0.7952541472039392,0.7932749923043128,0.7896272776324177,0.0007500187198206406,0.0013320053321815607
14,16.023997592926026,0.014400434494018555,0.7957815467655664,NN,,relu,,50,invscaling,0.005,,,,,,,adam,"{'clf__activation': 'relu', 'clf__hidden_layer_sizes': 50, 'clf__learning_rate': 'invscaling', 'clf__learning_rate_init': 0.005, 'clf__solver': 'adam'}",14,0.793360735872096,0.7908086561859913,0.7950917150068945,0.7996717692773114,0.7999767914906328,3.183083638840683,0.0004911999159383654,0.0035721441603212157
15,13.363397121429443,0.01502213478088379,0.7974118348746119,NN,,relu,,50,invscaling,0.01,,,,,,,adam,"{'clf__activation': 'relu', 'clf__hidden_layer_sizes': 50, 'clf__learning_rate': 'invscaling', 'clf__learning_rate_init': 0.01, 'clf__solver': 'adam'}",11,0.7900958737810962,0.7970937653183593,0.7981055370015959,0.8025129642993327,0.7992530308417963,1.945352392940575,0.0010963338961464725,0.004087113638131889
16,32.93439817428589,0.021801233291625977,0.7957840101975496,NN,,relu,,100,constant,0.0005,,,,,,,adam,"{'clf__activation': 'relu', 'clf__hidden_layer_sizes': 100, 'clf__learning_rate': 'constant', 'clf__learning_rate_init': 0.0005, 'clf__solver': 'adam'}",13,0.7918407306419706,0.7938877147852804,0.7975861508146687,0.7993803629052757,0.7962266193255041,0.16087654922600517,0.0007487118431839908,0.00266548485117195
17,32.27980084419251,0.022197914123535157,0.7986233549432822,NN,,relu,,100,constant,0.001,,,,,,,adam,"{'clf__activation': 'relu', 'clf__hidden_layer_sizes': 100, 'clf__learning_rate': 'constant', 'clf__learning_rate_init': 0.001, 'clf__solver': 'adam'}",8,0.7970719503335025,0.7961100394338334,0.8006723625585164,0.8020873153112051,0.7971761703072164,1.304126771438777,0.0007468765786150348,0.0023244295401692685
18,25.583002853393555,0.021396160125732422,0.8049525849183442,NN,,relu,,100,constant,0.005,,,,,,,adam,"{'clf__activation': 'relu', 'clf__hidden_layer_sizes': 100, 'clf__learning_rate': 'constant', 'clf__learning_rate_init': 0.005, 'clf__solver': 'adam'}",2,0.8060160257392203,0.8038277570858354,0.8021958999349246,0.8089468256239732,0.8037764322650554,5.4574905283921655,0.0012028358475657368,0.0023379699395219954
19,20.18819589614868,0.01960306167602539,0.8022115042712122,NN,,relu,,100,constant,0.01,,,,,,,adam,"{'clf__activation': 'relu', 'clf__hidden_layer_sizes': 100, 'clf__learning_rate': 'constant', 'clf__learning_rate_init': 0.01, 'clf__solver': 'adam'}",4,0.7994826087384675,0.7970075311619195,0.8092270109006783,0.8033561201393414,0.8019863254532279,2.9934091885609773,0.0007989760171618514,0.004125688263191386
20,33.5860013961792,0.02319512367248535,0.7952942916692128,NN,,relu,,100,invscaling,0.0005,,,,,,,adam,"{'clf__activation': 'relu', 'clf__hidden_layer_sizes': 100, 'clf__learning_rate': 'invscaling', 'clf__learning_rate_init': 0.0005, 'clf__solver': 'adam'}",17,0.7944560669456067,0.7953862469582114,0.7969423746807206,0.7971161648157219,0.7925708001509921,0.3807235445034359,0.0007532935516132402,0.001683008381267592
21,33.006401491165164,0.02319812774658203,0.7997674902325278,NN,,relu,,100,invscaling,0.001,,,,,,,adam,"{'clf__activation': 'relu', 'clf__hidden_layer_sizes': 100, 'clf__learning_rate': 'invscaling', 'clf__learning_rate_init': 0.001, 'clf__solver': 'adam'}",7,0.7947152481136536,0.7986455014355491,0.8059972512421718,0.8015374816399959,0.7979435837537424,0.08901842256695833,0.000979765049671784,0.00379612705488244
22,25.674198961257936,0.021200227737426757,0.8049537233341744,NN,,relu,,100,invscaling,0.005,,,,,,,adam,"{'clf__activation': 'relu', 'clf__hidden_layer_sizes': 100, 'clf__learning_rate': 'invscaling', 'clf__learning_rate_init': 0.005, 'clf__solver': 'adam'}",1,0.8034022623028307,0.8061276309282049,0.8089195939414022,0.8071311976623996,0.7991880305944532,3.88278470919934,0.0029928962362378727,0.0033909527240183275
23,16.280793142318725,0.01939992904663086,0.8029823713305854,NN,,relu,,100,invscaling,0.01,,,,,,,adam,"{'clf__activation': 'relu', 'clf__hidden_layer_sizes': 100, 'clf__learning_rate': 'invscaling', 'clf__learning_rate_init': 0.01, 'clf__solver': 'adam'}",3,0.7967646257505996,0.7992619970107316,0.8072930824889402,0.8095012777338095,0.8020934732293745,2.2638750948723936,0.0004911091571124652,0.004782715186210819
24,12.928401851654053,0.010195159912109375,0.7703347041201495,NN,,tanh,,10,constant,0.0005,,,,,,,adam,"{'clf__activation': 'tanh', 'clf__hidden_layer_sizes': 10, 'clf__learning_rate': 'constant', 'clf__learning_rate_init': 0.0005, 'clf__solver': 'adam'}",47,0.7693094073326797,0.7668612736559235,0.7706364324744246,0.7716682258743544,0.7731993580165044,2.3212433864421658,0.0007481171346050441,0.0021537186017512103
25,13.975798988342286,0.009398746490478515,0.7753100606369717,NN,,tanh,,10,constant,0.001,,,,,,,adam,"{'clf__activation': 'tanh', 'clf__hidden_layer_sizes': 10, 'clf__learning_rate': 'constant', 'clf__learning_rate_init': 0.001, 'clf__solver': 'adam'}",41,0.7730764243885786,0.7718799511125505,0.7740978666987242,0.7779872078144803,0.7795103346630103,1.4232071767944567,0.0004906258460515519,0.0029337176184880947
26,6.90399751663208,0.00960087776184082,0.7765206567638935,NN,,tanh,,10,constant,0.005,,,,,,,adam,"{'clf__activation': 'tanh', 'clf__hidden_layer_sizes': 10, 'clf__learning_rate': 'constant', 'clf__learning_rate_init': 0.005, 'clf__solver': 'adam'}",37,0.7747949528194534,0.7741991780606081,0.776934545914088,0.7770201409766417,0.7796555246891808,1.696231113530409,0.0004900873994452466,0.0019295462681972453
27,5.698998928070068,0.00879964828491211,0.7757165330041986,NN,,tanh,,10,constant,0.01,,,,,,,adam,"{'clf__activation': 'tanh', 'clf__hidden_layer_sizes': 10, 'clf__learning_rate': 'constant', 'clf__learning_rate_init': 0.01, 'clf__solver': 'adam'}",40,0.7671331061474764,0.7760594697002854,0.7804613909136086,0.7807629236399674,0.7741679301232289,0.605682441973038,0.0009816375888878623,0.004983513575795746
28,13.54839277267456,0.00939955711364746,0.770603843286982,NN,,tanh,,10,invscaling,0.0005,,,,,,,adam,"{'clf__activation': 'tanh', 'clf__hidden_layer_sizes': 10, 'clf__learning_rate': 'invscaling', 'clf__learning_rate_init': 0.0005, 'clf__solver': 'adam'}",46,0.765963713542305,0.7660633512631081,0.7713454825409677,0.7764779704924878,0.7731711000142386,1.3277960147108876,0.0010205727394817276,0.004093783952256802
29,14.157197952270508,0.009603309631347656,0.7744001453001804,NN,,tanh,,10,invscaling,0.001,,,,,,,adam,"{'clf__activation': 'tanh', 'clf__hidden_layer_sizes': 10, 'clf__learning_rate': 'invscaling', 'clf__learning_rate_init': 0.001, 'clf__solver': 'adam'}",44,0.7665475892185012,0.7772365214850931,0.7794560081404942,0.7721137854645626,0.7766481342979005,1.4092581258158159,0.0010212249478778416,0.0045947252597503775
30,8.310401678085327,0.008799505233764649,0.7786202010102401,NN,,tanh,,10,invscaling,0.005,,,,,,,adam,"{'clf__activation': 'tanh', 'clf__hidden_layer_sizes': 10, 'clf__learning_rate': 'invscaling', 'clf__learning_rate_init': 0.005, 'clf__solver': 'adam'}",33,0.7819101255448959,0.7695153161709354,0.7774623479225135,0.7806382600076947,0.7835764764515394,3.309995110795962,0.0007450714705213942,0.004974172393390535
31,5.936000871658325,0.00939483642578125,0.7765085252131543,NN,,tanh,,10,invscaling,0.01,,,,,,,adam,"{'clf__activation': 'tanh', 'clf__hidden_layer_sizes': 10, 'clf__learning_rate': 'invscaling', 'clf__learning_rate_init': 0.01, 'clf__solver': 'adam'}",38,0.7678483504315401,0.7758177952285499,0.7826868625400086,0.7826055095988602,0.77358655422673,0.4283418166291376,0.00048694082952824085,0.005645560890945798
32,19.37459855079651,0.016600942611694335,0.7878966635793792,NN,,tanh,,50,constant,0.0005,,,,,,,adam,"{'clf__activation': 'tanh', 'clf__hidden_layer_sizes': 50, 'clf__learning_rate': 'constant', 'clf__learning_rate_init': 0.0005, 'clf__solver': 'adam'}",32,0.7836837727149386,0.7863897198490923,0.7864360083854425,0.7934094401843433,0.7895658729269796,0.09072308636562487,0.0004919328299095421,0.00332653740807074
33,19.245002365112306,0.017799854278564453,0.7931679412148236,NN,,tanh,,50,constant,0.001,,,,,,,adam,"{'clf__activation': 'tanh', 'clf__hidden_layer_sizes': 50, 'clf__learning_rate': 'constant', 'clf__learning_rate_init': 0.001, 'clf__solver': 'adam'}",23,0.7894016238554997,0.7899321588163724,0.7958448283990049,0.7984964963840363,0.7921664301912054,0.05034626347041924,0.001159472305879131,0.0034990778137722824
34,15.777399492263793,0.015195846557617188,0.7981176406810281,NN,,tanh,,50,constant,0.005,,,,,,,adam,"{'clf__activation': 'tanh', 'clf__hidden_layer_sizes': 50, 'clf__learning_rate': 'constant', 'clf__learning_rate_init': 0.005, 'clf__solver': 'adam'}",9,0.79820879142522,0.8001427342833634,0.7994948317619124,0.7926914953471114,0.8000497970315961,2.795555446780937,0.00040079551652301285,0.002799257928535013
35,10.21899847984314,0.015801382064819337,0.7936907522996047,NN,,tanh,,50,constant,0.01,,,,,,,adam,"{'clf__activation': 'tanh', 'clf__hidden_layer_sizes': 50, 'clf__learning_rate': 'constant', 'clf__learning_rate_init': 0.01, 'clf__solver': 'adam'}",21,0.7916683991001559,0.792299939492481,0.7947924401838646,0.7959136602398755,0.7937802152794509,1.2741605696212943,0.001718890292569838,0.001561256728832498
36,19.223197841644286,0.016207551956176756,0.788385478990778,NN,,tanh,,50,invscaling,0.0005,,,,,,,adam,"{'clf__activation': 'tanh', 'clf__hidden_layer_sizes': 50, 'clf__learning_rate': 'invscaling', 'clf__learning_rate_init': 0.0005, 'clf__solver': 'adam'}",31,0.7863954642338196,0.7871487992594668,0.7905315713385582,0.7900708906381788,0.7877815135054436,0.08891042580974659,0.0003964433596620146,0.0016309922660626805
37,19.286599016189577,0.01600303649902344,0.7921245442156475,NN,,tanh,,50,invscaling,0.001,,,,,,,adam,"{'clf__activation': 'tanh', 'clf__hidden_layer_sizes': 50, 'clf__learning_rate': 'invscaling', 'clf__learning_rate_init': 0.001, 'clf__solver': 'adam'}",25,0.7908929071619895,0.790253092120236,0.7923509624723467,0.7962394825323468,0.7908870884808683,0.03587159954805359,3.387222411189659e-06,0.002169488080921509
38,13.835995292663574,0.014200067520141602,0.7952571925157947,NN,,tanh,,50,invscaling,0.005,,,,,,,adam,"{'clf__activation': 'tanh', 'clf__hidden_layer_sizes': 50, 'clf__learning_rate': 'invscaling', 'clf__learning_rate_init': 0.005, 'clf__solver': 'adam'}",18,0.7943958192915039,0.7960650417534706,0.7971507175787833,0.7966532946333265,0.792021103322409,2.745300469135422,0.00040049696269268736,0.0018654725948700813
39,8.554399108886718,0.015401887893676757,0.7916678473821481,NN,,tanh,,50,invscaling,0.01,,,,,,,adam,"{'clf__activation': 'tanh', 'clf__hidden_layer_sizes': 50, 'clf__learning_rate': 'invscaling', 'clf__learning_rate_init': 0.01, 'clf__solver': 'adam'}",26,0.7883606592802999,0.7949726512578561,0.7929729806287631,0.7930567283158663,0.7889762180516087,2.7851012061124902,0.001019540172398756,0.0025588569971204855
40,26.771999645233155,0.023202133178710938,0.7893716541368074,NN,,tanh,,100,constant,0.0005,,,,,,,adam,"{'clf__activation': 'tanh', 'clf__hidden_layer_sizes': 100, 'clf__learning_rate': 'constant', 'clf__learning_rate_init': 0.0005, 'clf__solver': 'adam'}",30,0.7875004376674078,0.7884205650067401,0.7889907233699633,0.7929525910774914,0.7889946918061168,0.23013102584073358,0.00040129229345795117,0.0018716655509033449
41,26.96520037651062,0.023397302627563475,0.7980662397739662,NN,,tanh,,100,constant,0.001,,,,,,,adam,"{'clf__activation': 'tanh', 'clf__hidden_layer_sizes': 100, 'clf__learning_rate': 'constant', 'clf__learning_rate_init': 0.001, 'clf__solver': 'adam'}",10,0.7950910950000876,0.796094857845626,0.8007018521444164,0.8018854724378766,0.7965592153279616,0.08254180130103239,0.0010228712849309725,0.00270338510349476
42,24.479799461364745,0.021801853179931642,0.8015760768894823,NN,,tanh,,100,constant,0.005,,,,,,,adam,"{'clf__activation': 'tanh', 'clf__hidden_layer_sizes': 100, 'clf__learning_rate': 'constant', 'clf__learning_rate_init': 0.005, 'clf__solver': 'adam'}",6,0.8023010500735281,0.7996178753216856,0.8086240138692737,0.7982030373726107,0.7991347303916321,2.311819968056126,0.0007502171858264682,0.0037779570428018803
43,14.304401016235351,0.02099952697753906,0.7934965032741711,NN,,tanh,,100,constant,0.01,,,,,,,adam,"{'clf__activation': 'tanh', 'clf__hidden_layer_sizes': 100, 'clf__learning_rate': 'constant', 'clf__learning_rate_init': 0.01, 'clf__solver': 'adam'}",22,0.7879718875282296,0.7945718436520719,0.801555818551878,0.7961488927139444,0.78723523774251,2.714993590274643,0.0006304508685900332,0.005345320440287047
44,26.963404893875122,0.023595476150512697,0.7895946102819069,NN,,tanh,,100,invscaling,0.0005,,,,,,,adam,"{'clf__activation': 'tanh', 'clf__hidden_layer_sizes': 100, 'clf__learning_rate': 'invscaling', 'clf__learning_rate_init': 0.0005, 'clf__solver': 'adam'}",29,0.7868468087480962,0.7891809437422314,0.7887756751832272,0.7919816926461252,0.7911887580498529,0.03852375887268745,0.0013548384136351627,0.0018238386360031641
45,26.987197732925416,0.024398946762084962,0.796872868814096,NN,,tanh,,100,invscaling,0.001,,,,,,,adam,"{'clf__activation': 'tanh', 'clf__hidden_layer_sizes': 100, 'clf__learning_rate': 'invscaling', 'clf__learning_rate_init': 0.001, 'clf__solver': 'adam'}",12,0.7908136483298611,0.7950560132219324,0.801313675525197,0.800947005708869,0.7962360614666971,0.06391691085771356,0.00135545663492069,0.003917714481433937
46,26.77779803276062,0.02219853401184082,0.8021966192403828,NN,,tanh,,100,invscaling,0.005,,,,,,,adam,"{'clf__activation': 'tanh', 'clf__hidden_layer_sizes': 100, 'clf__learning_rate': 'invscaling', 'clf__learning_rate_init': 0.005, 'clf__solver': 'adam'}",5,0.7946673098553946,0.8023097350361513,0.8068717440435313,0.8045304351342346,0.8026058120210636,0.39518792757066945,0.0007502887692306642,0.00410317551803714
47,13.808599185943603,0.019398021697998046,0.795407413919609,NN,,tanh,,100,invscaling,0.01,,,,,,,adam,"{'clf__activation': 'tanh', 'clf__hidden_layer_sizes': 100, 'clf__learning_rate': 'invscaling', 'clf__learning_rate_init': 0.01, 'clf__solver': 'adam'}",16,0.7936318845083244,0.794521238358047,0.7956739803804622,0.7992391413152589,0.7939715212705782,2.1011128458732826,0.005781274327887887,0.002037235912588967
0,2.588601589202881,0.3651930332183838,0.7549772420620968,RF,,,,,,,,3,1,2,100,,,"{'clf__max_depth': 3, 'clf__min_samples_leaf': 1, 'clf__min_samples_split': 2, 'clf__n_estimators': 100}",28,0.7500163783350257,0.7509100746660599,0.7542544885578696,0.7628254553831803,0.756882174872697,0.4369904990427043,0.35239546132162725,0.004623790505779091
1,13.938566493988038,0.6864009857177734,0.7559091328269237,RF,,,,,,,,3,1,2,500,,,"{'clf__max_depth': 3, 'clf__min_samples_leaf': 1, 'clf__min_samples_split': 2, 'clf__n_estimators': 500}",19,0.7512250926213653,0.7516428256464347,0.7551265181919613,0.763160548763562,0.7583930200955449,0.6259399600777262,0.2962292986414768,0.004461096568219718
2,3.256596040725708,0.4250026226043701,0.7549772420620968,RF,,,,,,,,3,1,10,100,,,"{'clf__max_depth': 3, 'clf__min_samples_leaf': 1, 'clf__min_samples_split': 10, 'clf__n_estimators': 100}",28,0.7500163783350257,0.7509100746660599,0.7542544885578696,0.7628254553831803,0.756882174872697,0.1714868259231819,0.10787109302829415,0.004623790505779091
3,14.13099446296692,1.0048004627227782,0.7559091328269237,RF,,,,,,,,3,1,10,500,,,"{'clf__max_depth': 3, 'clf__min_samples_leaf': 1, 'clf__min_samples_split': 10, 'clf__n_estimators': 500}",19,0.7512250926213653,0.7516428256464347,0.7551265181919613,0.763160548763562,0.7583930200955449,0.9722553951031438,0.3065365043539804,0.004461096568219718
4,3.011995267868042,0.7582024097442627,0.7549772420620968,RF,,,,,,,,3,1,25,100,,,"{'clf__max_depth': 3, 'clf__min_samples_leaf': 1, 'clf__min_samples_split': 25, 'clf__n_estimators': 100}",28,0.7500163783350257,0.7509100746660599,0.7542544885578696,0.7628254553831803,0.756882174872697,0.2878232294393081,0.14931766774258468,0.004623790505779091
5,14.068798160552978,1.1107993602752686,0.7559090781027563,RF,,,,,,,,3,1,25,500,,,"{'clf__max_depth': 3, 'clf__min_samples_leaf': 1, 'clf__min_samples_split': 25, 'clf__n_estimators': 500}",21,0.7512250926213653,0.7516426888753698,0.7551265181919613,0.763160411920936,0.7583930200955449,1.2347254893377246,0.22017450524051066,0.004461078250317695
6,3.2162003993988035,0.7379985332489014,0.7549762842531947,RF,,,,,,,,3,3,2,100,,,"{'clf__max_depth': 3, 'clf__min_samples_leaf': 3, 'clf__min_samples_split': 2, 'clf__n_estimators': 100}",31,0.7500165834916231,0.7509100746660599,0.7542489464315173,0.7628331185702354,0.7568750590561458,0.16711618845368514,0.12321374775212643,0.004625937047549621
7,14.132397603988647,1.0372010231018067,0.7559074225553504,RF,,,,,,,,3,3,2,500,,,"{'clf__max_depth': 3, 'clf__min_samples_leaf': 3, 'clf__min_samples_split': 2, 'clf__n_estimators': 500}",22,0.75122550293456,0.7516408424659933,0.7551246708165106,0.7631628066668906,0.7583856305937418,1.496310985124207,0.15092961874697927,0.004461366915010464
8,2.999197578430176,0.8110008716583252,0.7549762842531947,RF,,,,,,,,3,3,10,100,,,"{'clf__max_depth': 3, 'clf__min_samples_leaf': 3, 'clf__min_samples_split': 10, 'clf__n_estimators': 100}",31,0.7500165834916231,0.7509100746660599,0.7542489464315173,0.7628331185702354,0.7568750590561458,0.16457407823516612,0.1403325685246225,0.004625937047549621
9,14.065597438812256,1.0370002746582032,0.7559074225553504,RF,,,,,,,,3,3,10,500,,,"{'clf__max_depth': 3, 'clf__min_samples_leaf': 3, 'clf__min_samples_split': 10, 'clf__n_estimators': 500}",22,0.75122550293456,0.7516408424659933,0.7551246708165106,0.7631628066668906,0.7583856305937418,1.183328518208994,0.18745626140620694,0.004461366915010464
10,3.075992202758789,0.7642014980316162,0.7549762842531947,RF,,,,,,,,3,3,25,100,,,"{'clf__max_depth': 3, 'clf__min_samples_leaf': 3, 'clf__min_samples_split': 25, 'clf__n_estimators': 100}",31,0.7500165834916231,0.7509100746660599,0.7542489464315173,0.7628331185702354,0.7568750590561458,0.1710761068640621,0.172510756814178,0.004625937047549621
11,14.037595748901367,1.1127999305725098,0.7559074088689414,RF,,,,,,,,3,3,25,500,,,"{'clf__max_depth': 3, 'clf__min_samples_leaf': 3, 'clf__min_samples_split': 25, 'clf__n_estimators': 500}",24,0.75122550293456,0.7516409108515257,0.7551246708165106,0.7631626698242648,0.7583856305937418,1.1400321387886863,0.2183156823419197,0.004461309329200399
12,3.0649944305419923,0.804002046585083,0.754973466080222,RF,,,,,,,,3,5,2,100,,,"{'clf__max_depth': 3, 'clf__min_samples_leaf': 5, 'clf__min_samples_split': 2, 'clf__n_estimators': 100}",34,0.7500079669145323,0.7509093224252027,0.7542489464315173,0.7628336659407393,0.7568697906150453,0.16477673675508428,0.14880428142458174,0.0046276717564986015
13,14.381199169158936,1.1979988098144532,0.7559066838363384,RF,,,,,,,,3,5,2,500,,,"{'clf__max_depth': 3, 'clf__min_samples_leaf': 5, 'clf__min_samples_split': 2, 'clf__n_estimators': 500}",26,0.7512224939711315,0.7516409108515256,0.7551262445067094,0.7631616435045698,0.7583844674314209,2.069913714866783,0.10647871249282466,0.004461423024418155
14,2.9704004287719727,0.9092022895812988,0.754973466080222,RF,,,,,,,,3,5,10,100,,,"{'clf__max_depth': 3, 'clf__min_samples_leaf': 5, 'clf__min_samples_split': 10, 'clf__n_estimators': 100}",34,0.7500079669145323,0.7509093224252027,0.7542489464315173,0.7628336659407393,0.7568697906150453,0.16466238495743604,0.1573218944742656,0.0046276717564986015
15,13.447598505020142,1.1672001838684083,0.7559066838363384,RF,,,,,,,,3,5,10,500,,,"{'clf__max_depth': 3, 'clf__min_samples_leaf': 5, 'clf__min_samples_split': 10, 'clf__n_estimators': 500}",26,0.7512224939711315,0.7516409108515256,0.7551262445067094,0.7631616435045698,0.7583844674314209,1.7316321182617427,0.31229288921727816,0.004461423024418155
16,2.863600158691406,0.9680180549621582,0.754973466080222,RF,,,,,,,,3,5,25,100,,,"{'clf__max_depth': 3, 'clf__min_samples_leaf': 5, 'clf__min_samples_split': 25, 'clf__n_estimators': 100}",34,0.7500079669145323,0.7509093224252027,0.7542489464315173,0.7628336659407393,0.7568697906150453,0.21393429773730438,0.20345371235241005,0.0046276717564986015
17,13.607200002670288,1.1526002407073974,0.7559069711865232,RF,,,,,,,,3,5,25,500,,,"{'clf__max_depth': 3, 'clf__min_samples_leaf': 5, 'clf__min_samples_split': 25, 'clf__n_estimators': 500}",25,0.7512224939711315,0.7516407056949282,0.7551262445067094,0.7631632856160817,0.7583844674314209,1.207458901929012,0.46001847498717824,0.00446199628708906
18,4.41479983329773,0.8596014022827149,0.7689894235334283,RF,,,,,,,,5,1,2,100,,,"{'clf__max_depth': 5, 'clf__min_samples_leaf': 1, 'clf__min_samples_split': 2, 'clf__n_estimators': 100}",13,0.7646284860209029,0.7645803426060468,0.7701961071146601,0.7746383608607099,0.7709061150795853,0.1793294640740004,0.38634770121429063,0.0038858773858526765
19,22.99440016746521,1.6344007492065429,0.7693146790744131,RF,,,,,,,,5,1,2,500,,,"{'clf__max_depth': 5, 'clf__min_samples_leaf': 1, 'clf__min_samples_split': 2, 'clf__n_estimators': 500}",3,0.7651156645541919,0.7653822313597451,0.7699404850893196,0.7747589876355161,0.7713781537179218,1.686404621585187,0.5047767205259573,0.0036711723125774573
20,5.437399768829346,1.3842010021209716,0.7690132164718674,RF,,,,,,,,5,1,10,100,,,"{'clf__max_depth': 5, 'clf__min_samples_leaf': 1, 'clf__min_samples_split': 10, 'clf__n_estimators': 100}",11,0.7644850473665552,0.7647525373767966,0.7703391418694714,0.7747827298311245,0.7707089248555404,0.37533795535129977,0.19285388601599115,0.0039135812382313315
21,24.70820035934448,1.859802532196045,0.7693380942769059,RF,,,,,,,,5,1,10,500,,,"{'clf__max_depth': 5, 'clf__min_samples_leaf': 1, 'clf__min_samples_split': 10, 'clf__n_estimators': 500}",1,0.7652069592400342,0.7653475598947848,0.7699788694459084,0.7746926189619132,0.7714665882649647,1.8081858488052203,0.367363891589807,0.0036497757777678216
22,5.856802082061767,0.7105992317199707,0.7688742608022393,RF,,,,,,,,5,1,25,100,,,"{'clf__max_depth': 5, 'clf__min_samples_leaf': 1, 'clf__min_samples_split': 25, 'clf__n_estimators': 100}",17,0.7640842055680048,0.7644934929798148,0.7701910439374987,0.7746289529301735,0.7709760074508073,0.5360961560576871,0.3197921228263427,0.0040349968598762335
23,23.964997386932374,1.346400833129883,0.7693018903577695,RF,,,,,,,,5,1,25,500,,,"{'clf__max_depth': 5, 'clf__min_samples_leaf': 1, 'clf__min_samples_split': 25, 'clf__n_estimators': 500}",5,0.7649696614423768,0.7653070756595647,0.7699283745169199,0.7747288138364864,0.7715777044772649,2.952547784269728,0.4187628475681908,0.0037350193603896452
24,4.734999084472657,0.9174013137817383,0.769040035604174,RF,,,,,,,,5,3,2,100,,,"{'clf__max_depth': 5, 'clf__min_samples_leaf': 3, 'clf__min_samples_split': 2, 'clf__n_estimators': 100}",10,0.764787072070692,0.7644355362410497,0.7703081470146858,0.7746513609101786,0.7710203786722831,0.30929501136217835,0.08415404170120881,0.003906616004276223
25,21.210600233078004,1.528804349899292,0.7693024989252925,RF,,,,,,,,5,3,2,500,,,"{'clf__max_depth': 5, 'clf__min_samples_leaf': 3, 'clf__min_samples_split': 2, 'clf__n_estimators': 500}",4,0.7651523875851264,0.76526118896728,0.7699517746059633,0.7747454402155435,0.7714038459209506,1.7924932572462953,0.20103498637341838,0.003688362744392331
26,4.648405122756958,1.1663957595825196,0.769007921888975,RF,,,,,,,,5,3,10,100,,,"{'clf__max_depth': 5, 'clf__min_samples_leaf': 3, 'clf__min_samples_split': 10, 'clf__n_estimators': 100}",12,0.7645480988274889,0.7646766294357592,0.7702784521648469,0.7747843377319799,0.770754390818024,0.321966220816495,0.3346368394601947,0.003916212033243885
27,21.34239959716797,1.4936016082763672,0.7693264688012705,RF,,,,,,,,5,3,10,500,,,"{'clf__max_depth': 5, 'clf__min_samples_leaf': 3, 'clf__min_samples_split': 10, 'clf__n_estimators': 500}",2,0.765163192499256,0.7652970913718247,0.7699661430816919,0.7746983663522047,0.7715096936921503,2.058714606068552,0.22211736985310782,0.0036770476429759686
28,4.6204005718231205,1.1676017761230468,0.7688940039483236,RF,,,,,,,,5,3,25,100,,,"{'clf__max_depth': 5, 'clf__min_samples_leaf': 3, 'clf__min_samples_split': 25, 'clf__n_estimators': 100}",16,0.7642924053215979,0.7644385793972445,0.7702191993077953,0.7746361029573812,0.7708861018455351,0.25745407557994043,0.2834158255022977,0.003993099181282627
29,21.584599590301515,1.4770013809204101,0.7692880521010794,RF,,,,,,,,5,3,25,500,,,"{'clf__max_depth': 5, 'clf__min_samples_leaf': 3, 'clf__min_samples_split': 25, 'clf__n_estimators': 500}",6,0.764963540937221,0.7652763705554875,0.7698783585371223,0.7747459875860476,0.7715781834264558,1.8158273808793335,0.38146181839921783,0.0037464374340012195
30,4.498999691009521,1.0938007831573486,0.768977147633116,RF,,,,,,,,5,5,2,100,,,"{'clf__max_depth': 5, 'clf__min_samples_leaf': 5, 'clf__min_samples_split': 2, 'clf__n_estimators': 100}",14,0.7646095774211761,0.7646451378980585,0.7702742784647543,0.7746816373411778,0.7706773826302508,0.3599074702331897,0.4367401715784354,0.0038719138359819064
31,21.456801319122313,1.4142001628875733,0.7692795747321193,RF,,,,,,,,5,5,2,500,,,"{'clf__max_depth': 5, 'clf__min_samples_leaf': 5, 'clf__min_samples_split': 2, 'clf__n_estimators': 500}",7,0.7651665091975806,0.7652204995754627,0.7699018954687917,0.7746647714875252,0.771446335556319,1.839967520313444,0.26470547334775085,0.0036736236492523012
32,4.586599636077881,1.0426015377044677,0.768977147633116,RF,,,,,,,,5,5,10,100,,,"{'clf__max_depth': 5, 'clf__min_samples_leaf': 5, 'clf__min_samples_split': 10, 'clf__n_estimators': 100}",14,0.7646095774211761,0.7646451378980585,0.7702742784647543,0.7746816373411778,0.7706773826302508,0.23945623369777,0.2472304064601357,0.0038719138359819064
33,21.42639994621277,1.522401714324951,0.7692795747321193,RF,,,,,,,,5,5,10,500,,,"{'clf__max_depth': 5, 'clf__min_samples_leaf': 5, 'clf__min_samples_split': 10, 'clf__n_estimators': 500}",7,0.7651665091975806,0.7652204995754627,0.7699018954687917,0.7746647714875252,0.771446335556319,1.9715106579702626,0.3515173182580014,0.0036736236492523012
34,4.489799976348877,1.1908009052276611,0.7688592722699537,RF,,,,,,,,5,5,25,100,,,"{'clf__max_depth': 5, 'clf__min_samples_leaf': 5, 'clf__min_samples_split': 25, 'clf__n_estimators': 100}",18,0.7643169215349871,0.7643722454307522,0.7702979522390498,0.7744463706564526,0.7708652333450722,0.34445110670047296,0.184372321196799,0.003951663003324211
35,19.494400930404662,0.9546016216278076,0.7692586488602317,RF,,,,,,,,5,5,25,500,,,"{'clf__max_depth': 5, 'clf__min_samples_leaf': 5, 'clf__min_samples_split': 25, 'clf__n_estimators': 500}",9,0.7649509579992473,0.7652667281954098,0.7698719269337009,0.7746718873040764,0.7715339148369496,5.404401580625147,0.5126347449471865,0.0037242312754976045
